Mã CK,NTC,NTF,NTH,NTL,NTP,NTT,NTW,NUE,NVL,NVP,NVT,NWT,NXT,OCH,ODE,OGC,OIL,ONE,ONW,OPC,PAC,PAI,PAN,PAP,PAS,PAT,PBC,PBP,PBT,PC1,PCC,PCE,PCF,PCH,PCM,PCT,PDB,PDC,PDN,PDR,PDV,PEG,PEN,PEQ
Kỳ/năm,Năm/2024,Năm/2024,Năm/2024,Năm/2024,Năm/2024,Năm/2024,Năm/2024,Năm/2024,Năm/2024,Năm/2024,Năm/2024,Năm/2024,Năm/2024,Năm/2024,Năm/2024,Năm/2024,Năm/2024,Năm/2024,Năm/2024,Năm/2024,Năm/2024,Năm/2024,Năm/2024,Năm/2024,Năm/2024,Năm/2024,Năm/2024,Năm/2024,Năm/2024,Năm/2024,Năm/2024,Năm/2024,Năm/2024,Năm/2024,Năm/2024,Năm/2024,Năm/2024,Năm/2024,Năm/2024,Năm/2024,Năm/2024,Năm/2024,Năm/2024,Năm/2024
Trạng thái hợp nhất,Hợp nhất,Hợp nhất,Hợp nhất,Hợp nhất,Hợp nhất,Hợp nhất,Hợp nhất,Hợp nhất,Hợp nhất,Hợp nhất,Hợp nhất,Hợp nhất,Hợp nhất,Hợp nhất,Hợp nhất,Hợp nhất,Hợp nhất,Hợp nhất,Hợp nhất,Hợp nhất,Hợp nhất,Hợp nhất,Hợp nhất,Hợp nhất,Hợp nhất,Hợp nhất,Hợp nhất,Hợp nhất,Hợp nhất,Hợp nhất,Hợp nhất,Hợp nhất,Hợp nhất,Hợp nhất,Hợp nhất,Hợp nhất,Hợp nhất,Hợp nhất,Hợp nhất,Hợp nhất,Hợp nhất,Hợp nhất,Hợp nhất,Hợp nhất
Trạng thái kiểm toán,Kiểm toán,Kiểm toán,Kiểm toán,Kiểm toán,Kiểm toán,Kiểm toán,Kiểm toán,Kiểm toán,Kiểm toán,Kiểm toán,Kiểm toán,Kiểm toán,Kiểm toán,Kiểm toán,Kiểm toán,Kiểm toán,Kiểm toán,Kiểm toán,Kiểm toán,Kiểm toán,Kiểm toán,Kiểm toán,Kiểm toán,Kiểm toán,Kiểm toán,Kiểm toán,Kiểm toán,Kiểm toán,Kiểm toán,Kiểm toán,Kiểm toán,Kiểm toán,Kiểm toán,Kiểm toán,Kiểm toán,Kiểm toán,Kiểm toán,Kiểm toán,Kiểm toán,Kiểm toán,Kiểm toán,Kiểm toán,Kiểm toán,Kiểm toán
Công ty kiểm toán,AASC,NVT,AAC,A&C,KPMG,AFC,A&C,A&C,AISC,VACO,Grant Thornton,CPA VIETNAM,A&C,CPA VIETNAM,AASCS,CPA VIETNAM,Deloitte,A&C,IAV,EY,KPMG,VACO,Deloitte,EY,UHY,PWC,iCPA,Deloitte,Deloitte,KPMG,AASC,Deloitte,AASCS,AISC,AVA,Deloitte,AFA,IAV,RSM,EY,Deloitte,AnViet,CPA VIETNAM,CPA VIETNAM
Ý kiến kiểm toán,Chấp nhận toàn phần,Chấp nhận toàn phần,Chấp nhận toàn phần,Chấp nhận toàn phần,Chấp nhận toàn phần,Chấp nhận toàn phần,Chấp nhận toàn phần,Chấp nhận toàn phần,Chấp nhận toàn phần - Có đoạn ghi thêm ý kiến,Chấp nhận toàn phần,Chấp nhận toàn phần,Chấp nhận toàn phần,Chấp nhận toàn phần,Chấp nhận toàn phần,Chấp nhận toàn phần,Chấp nhận toàn phần - Có đoạn ghi thêm ý kiến,Chấp nhận từng phần - Ngoại trừ,Chấp nhận toàn phần,Chấp nhận toàn phần - Có đoạn ghi thêm ý kiến,Chấp nhận toàn phần,Chấp nhận toàn phần,Chấp nhận toàn phần,Chấp nhận toàn phần,Chấp nhận toàn phần,Chấp nhận toàn phần,Chấp nhận toàn phần,Chấp nhận toàn phần,Chấp nhận toàn phần,Chấp nhận toàn phần,Chấp nhận toàn phần,Chấp nhận toàn phần,Chấp nhận toàn phần,Chấp nhận từng phần - Ngoại trừ,Chấp nhận toàn phần,Chấp nhận toàn phần,Chấp nhận toàn phần,Chấp nhận toàn phần,Chấp nhận toàn phần - Có đoạn ghi thêm ý kiến,Chấp nhận toàn phần,Chấp nhận toàn phần,Chấp nhận toàn phần,Chấp nhận từng phần - Ngoại trừ,Chấp nhận từng phần - Ngoại trừ,Chấp nhận toàn phần
Ngày công bố báo cáo,21-03-2025,01-04-2025,20-03-2025,20-03-2025,28-03-2025,01-04-2025,12-02-2025,25-02-2025,31-03-2025,31-03-2025,27-03-2025,25-03-2025,01-04-2025,02-04-2025,03-04-2025,01-04-2025,11-03-2025,27-03-2025,08-04-2025,27-03-2025,10-03-2025,03-04-2025,31-03-2025,25-03-2025,03-04-2025,24-02-2025,02-04-2025,11-03-2025,28-02-2025,31-03-2025,10-04-2025,17-03-2025,20-01-2025,03-03-2025,31-03-2025,06-03-2025,31-03-2025,02-04-2025,17-03-2025,04-04-2025,11-03-2025,13-02-2025,26-03-2025,24-02-2025
Ngày ký kiểm toán,14-03-2025,27-03-2025,15-03-2025,17-03-2025,25-03-2025,28-03-2025,06-02-2025,21-02-2025,28-03-2025,24-03-2025,26-03-2025,18-03-2025,27-03-2025,31-03-2025,27-03-2025,31-03-2025,28-02-2025,21-03-2025,31-03-2025,24-03-2025,28-02-2025,27-03-2025,31-03-2025,14-03-2025,28-03-2025,19-02-2025,31-03-2025,26-02-2025,25-02-2025,31-03-2025,31-03-2025,05-03-2025,17-01-2025,27-02-2025,26-03-2025,28-02-2025,24-03-2025,29-03-2025,12-03-2025,03-04-2025,06-03-2025,08-02-2025,18-03-2025,20-02-2025
CÂN ĐỐI KẾ TOÁNMS,,,,,,,,,,,,,,,,,,,,,,,,,,,,,,,,,,,,,,,,,,,,
TÀI SẢN,,,,,,,,,,,,,,,,,,,,,,,,,,,,,,,,,,,,,,,,,,,,
A. TÀI SẢN NGẮN HẠN100,1904586374638,73900423361,37867702215,2117847681181,4472882423054,739726368206,93739666653,105574979172,207831078798684,51035424060,180662443452,92241864131,27206116680,628613173938,138492173327,676236857416,35543078564691,326764419683,7266411807,903835324897,1832261785850,62033663892,18283085243253,744278577109,766745735052,619450520441,777700050219,104901214406,244594365742,8085980091224,759138671920,292841733819,9024590792,104946605247,47708309975,403056652360,166916892334,103180914673,842985861151,21482523941226,636901664548,369234998883,254368939975,190076015821
I. Tiền và các khoản tương đương tiền110,20206110831,12177682808,21156348340,577047733383,532864832803,34093204093,10512766553,54259557560,4607601921683,1781747267,85445878059,13074564076,452925960,169749007919,5106918240,190735461868,4123668695965,76029793987,96960599,175594075576,200617830195,8865491154,2958874263351,276599012946,19058250921,7285796455,228457616692,3121473191,77499885437,2277327707879,89362796812,164497235561,825952170,22777042455,5974547992,23172556710,16310248936,3177207205,278055890865,343676133736,220877351697,50049163511,15432467054,17828837160
1. Tiền111,20206110831,5177682808,15656348340,18047733383,291883664188,15020204093,10512766553,54259557560,3343715161772,1781747267,43406010411,7074564076,452925960,66949007919,5106918240,73435461868,2757928959997,76029793987,96960599,108192528527,170617830195,7865491154,1658773809652,2659617192,19058250921,7285796455,228457616692,3121473191,26627203987,734582707879,89362796812,74497235561,223072170,22777042455,2474547992,23172556710,16310248936,3177207205,50055890865,343676133736,40877351697,46246283511,15432467054,17828837160
2. Các khoản tương đương tiền112,,7000000000,5500000000,559000000000,240981168615,19073000000,,,1263886759911,,42039867648,6000000000,,102800000000,,117300000000,1365739735968,,,67401547049,30000000000,1000000000,1300100453699,273939395754,,,,,50872681450,1542745000000,,90000000000,602880000,,3500000000,,,,228000000000,,180000000000,3802880000,,
II. Đầu tư tài chính ngắn hạn120,1779105234914,,,934926236453,2492000000000,67570000000,66500000000,,31258216194,29000000000,4504900000,38343990192,324771219,26034992071,,32738333738,10852966805960,,,71068954572,555000000000,29800000000,10604459386429,,,424123068493,,35000000000,70266010000,1016759191654,17538236983,,,29963627338,3800000000,,8009137100,,412700000000,115370299200,190000000000,410000000,9161178700,
1. Chứng khoán kinh doanh121,,,,143181862000,,,,,,,,,,172559,,21755664092,168047,,,68954572,,,9895137468977,,,,,,,,,,,6974688533,,,20530730,,,,,,8794059900,
2. Dự phòng giảm giá chứng khoán kinh doanh122,,,,-11261105000,,,,,,,,,,-79359,,-15052229225,-148247,,,,,,-2001476829,,,,,,,,,,,-11061195,,,-11393630,,,,,,-382881200,
3. Đầu tư nắm giữ đến ngày đáo hạn123,1779105234914,,,803005479453,2492000000000,67570000000,66500000000,,31258216194,29000000000,4504900000,38343990192,324771219,26034898871,,26034898871,10852966786160,,,71000000000,555000000000,29800000000,711323394281,,,424123068493,,35000000000,70266010000,1016759191654,17538236983,,,23000000000,3800000000,,8000000000,,412700000000,115370299200,190000000000,410000000,750000000,
III. Các khoản phải thu ngắn hạn130,88802206920,36929551948,15856202173,104865591430,428249651492,221765407615,10703196743,40276293574,54813392824915,4974912424,70651071868,39503863771,7282001182,185581624762,129400915058,197129141591,16488183407266,192684530091,7169451208,261211292358,191740806102,21929066473,1462819354764,445759213874,441193065398,101859411092,206668011494,7658818917,65970420852,3112002764045,509394035016,126689677805,293302359,1641802751,23267207617,253009326139,127495702159,97634358182,150061265750,6860591641612,119382879882,255126217164,197719272079,112064842942
1. Phải thu ngắn hạn của khách hàng131,27658038832,31597192947,15675933930,29610673026,388318659135,215527975102,10465832675,38436335522,2996106511118,3467398146,6892138576,29314173175,7240287423,21691223141,48274027894,27957315328,10257657924743,207996223908,7305692257,282304793685,154936408793,19208955868,1268515958096,178743240,196022758111,89658173144,211124937554,7198122077,63569456700,2015189876899,400351556757,21761341272,1811158652,168394410,29910747920,52304305824,131699876357,111821792683,144099677525,2806270912856,66065320579,699154728965,110547069869,88671765412
2. Trả trước cho người bán ngắn hạn132,21372342881,5497726906,151819627,7418605296,66751850700,7175025129,362345022,1356155700,7857833385978,1685341500,13126657228,9213429136,41713759,66637766798,1466767655,66872330619,210200439931,11134442648,86500000,8340814916,25979920439,4950865600,116554048138,442443427139,142080937892,2181620952,50768678408,228316050,761818,456269424703,55606460584,103905340072,20730200,459976969,8551862,225494324253,200385949,28323165465,1541963093,3060448061894,6711072999,5622497250,9972398547,21382991173
3. Phải thu nội bộ ngắn hạn133,,,,,,,,,,,,,,,,,,,,,,,,,,,,,,,,,,,,,,,,,,,,
4. Phải thu theo tiến độ kế hoạch hợp đồng xây dựng134,,,,,,,,,,,,,,,,,,,,,,,,,,,,,,9187149775,,,,,,,,,,,,,,
5. Phải thu về cho vay ngắn hạn135,,,,,,,,,6050897395010,,230000000,,,10400000000,66790000000,5900000000,,,,,,,43016521247,,,,,,,309543410051,428000000,,,,,,11000000000,,,,,,,
6. Phải thu ngắn hạn khác136,62654867150,1344380663,28448616,67836313108,28721429057,341353498,413408808,983446552,37982680530513,12061107648,61450934599,1002261460,,264547268098,12870119509,274516712466,6851993590990,6532822699,12100000,7114357182,11720885063,2070470133,102068576601,3137043495,138667727472,10019616996,5184498356,363501370,2400202334,416873034466,106561896215,1022996461,111069589,1013431372,2784387779,9778438760,1411442791,3018271043,6943741356,1012414211237,56938843719,209734892677,97697198431,2434689401
7. Dự phòng phải thu ngắn hạn khó đòi137,-22883041943,-1509748568,,,-55542287400,-1278946114,-538389762,-499644200,-74124997704,-12238934870,-11048658535,-26000000,,-179687028788,,-180109612335,-838062610461,-32978959164,-234841049,-36548673425,-896408193,-4301225128,-67342308603,,-35578358077,,-60410102824,-131120580,,-95060131849,-53682759525,,-1650571634,,-9436479944,-34567742698,-16816002938,-45528871009,-2524116224,-18541544375,-10332357415,-659425953623,-20497394768,-424603044
8. Tài sản thiếu chờ xử lý139,,,,,,,,,,,,,,1992395513,,1992395513,6394062063,,,,,,6559285,,,,,,,,128880985,,915552,,,,,,,,,40051895,,
IV. Hàng tồn kho140,790112410,24484554411,727970107,500380669404,1005126876948,389790016266,5263096561,10198791894,146607440687432,14110211870,12442074240,990485209,18310115652,228885001731,3952884362,233301649588,3540185208884,57564598612,,383110032676,696245897537,945071611,3107471529126,141046120,305128470913,84699844431,181198323077,58166939145,29151382921,1587602430478,141318148337,980381541,230024426,48751919914,14522930051,11734878250,14214395276,87597962,1740744011,14077663631758,34200705229,51353262159,25708501090,59925892481
1. Hàng tồn kho141,790112410,24622253897,727970107,500380669404,1005160488222,389790016266,5517895469,10198791894,147027941663523,16901499376,12442074240,990485209,18310115652,331138228504,3952884362,335554876361,3540400938532,59518805681,,390298973550,701548787054,945071611,3151592134375,141046120,308177605099,84699844431,181307079046,58166939145,29151382921,1587734464304,141687139620,980381541,230024426,48751919914,17120440027,11734878250,14214395276,87597962,1740744011,14077663631758,34200705229,51353262159,25708501090,63297979562
2. Dự phòng giảm giá hàng tồn kho 149,,-137699486,,,-33611274,,-254798908,,-420500976091,-2791287506,,,,-102253226773,,-102253226773,-215729648,-1954207069,,-7188940874,-5302889517,,-44120605249,,-3049134186,,-108755969,,,-132033826,-368991283,,,,-2597509976,,,,,,,,,-3372087081
V. Tài sản ngắn hạn khác150,15682709563,308634194,127181595,627450511,14641061811,26507740232,760606796,840336144,1771385148460,1168552499,7618519285,328960883,836302667,18362547455,31455667,22332270631,538074446616,485496993,,12850969715,188657252016,494034654,149460709583,21779304169,1365947820,1482399970,161376098956,953983153,1706666532,92287997168,1525454772,674438912,7675311837,1812212789,143624315,115139891261,887408863,2281751324,427960525,85222234920,72440727740,12296356049,6347521052,256443238
1. Chi phí trả trước ngắn hạn151,,114683213,127181595,,12467355826,1923249180,,128547253,432530802027,188750201,4071534489,328960883,803134451,4647983605,31455667,3121996508,48244067966,189440950,,1126232928,5646799672,493154104,34759382207,4727501,363673048,995790133,3635354640,284592989,1706666532,17708787217,527414329,674438912,20384331,413545561,,11035304003,572839527,2281751324,397724725,3351554104,15961733613,3626464466,364530652,256443238
2. Thuế GTGT còn được khấu trừ152,,178101778,,627450511,1757070115,22647003884,622110706,,1084331717815,979802298,3546984796,,,5415954617,,9825446307,194344974493,,,11406972672,183010452344,,104707067268,21741749209,945308107,,157740744316,669390164,,70925701528,851774152,,6189607538,1398658632,95401829,104104487258,56185352,,,81870680816,56468727972,7204219887,5247042175,
3. Thuế và các khoản khác phải thu của nhà nước153,15682709563,15849203,,,416635870,1937487168,138496090,711788891,254522628618,,,,33168216,8298609233,,9384827816,295485404157,296056043,,317764115,,880550,9994260108,32827459,56966665,486609837,,,,1173507815,146266291,,1465319968,8596,48222486,100000,258383984,,30235800,,10266155,1465671696,735948225,
4. Giao dịch mua bán lại trái phiếu Chính phủ (TS)154,,,,,,,,,,,,,,,,,,,,,,,,,,,,,,,,,,,,,,,,,,,,
5. Tài sản ngắn hạn khác155,,,,,,,,,,,,,,,,,,,,,,,,,,,,,,2480000608,,,,,,,,,,,,,,
B. TÀI SẢN DÀI HẠN200,5452119202815,51214778925,166023285967,60277272845,1941989104469,495087207114,100179575240,17906610782,29946901858972,141128523643,890839813511,61728448578,74226439323,3224643675479,12699351952,3832374243764,6191390944213,11726728598,,317736812738,702519485529,10734314828,5557567663872,6376629531808,118092844828,313167267536,2389916323016,47412808939,43935275933,12901664649904,517084303661,31424729866,15478686396,178674313933,12525879113,1495682542916,39645063122,152895624733,705739510071,2503027869958,1527788990670,837923770157,18051835122,73174879916
I. Các khoản phải thu dài hạn210,,,,5000000,,1360190736,,,15900998378910,,17546776000,,115327983,202884004359,11000000,323836126954,31977085054,,,3788660200,5840446253,32074000,8454981760,3878366000,,2000000000,156854697592,511526016,,32830193500,2640391997,38000000,,14080700000,,2200000000,50000000,2700000,,38724892655,16030944910,2499692000,10000000,
1. Phải thu dài hạn của khách hàng211,,,,,,1360190736,,,,,,,,,,,20449094473,,,,,,,,,,,,,,,,19718254473,,,,,,,,,19718254473,,
2. Trả trước cho người bán dài hạn212,,,,,,,,,,,,,,,,,,,,,,,2678056800,3861366000,,,,,,,,,,,,,,,,,,,,
3. Vốn kinh doanh ở các đơn vị trực thuộc213,,,,,,,,,,,,,,,,,,,,,,,,,,,,,,,,,,,,,,,,,,,,
4. Phải thu nội bộ dài hạn214,,,,,,,,,,,,,,,,,,,,,,,,,,,,,,,,,,,,,,,,,,,,
5. Phải thu về cho vay dài hạn215,,,,,,,,,176200000000,,,,,30227733073,,,,,,,,,,,,,,,,,,,,14000000000,,,,,,,,,,
6. Phải thu dài hạn khác216,25250000000,,,5000000,,,,,15741300378910,,17546776000,,115327983,172656271286,11000000,323836126954,31611665054,,,3788660200,5840446253,32074000,5776924960,17000000,,2000000000,156854697592,511526016,,32830193500,2640391997,38000000,,80700000,,2200000000,50000000,2700000,,38724892655,16030944910,2499692000,10000000,
7. Dự phòng phải thu dài hạn khó đòi219,-25250000000,,,,,,,,-16502000000,,,,,,,,-20083674473,,,,,,,,,,,,,,,,-19718254473,,,,,,,,,-19718254473,,
II. Tài sản cố định220,26095876069,2356754980,164094162100,48004820641,1265480616982,458879271336,99399370132,14878044778,1937682347954,127417971392,535900143135,58728448578,46098783202,482842470131,11674191934,482842470131,3529417403320,11512817037,,210092486409,394061085307,9665943568,4101147017980,4059319315122,53081421405,287149386223,135410988399,43575223891,39747733906,10146675462841,194404826254,26964423759,14834848717,71373540002,12525879113,1454379201348,33284520966,92598346657,356244191302,744223360291,1388203606944,360576513823,16191930990,70816444545
1. Tài sản cố định hữu hình221,26095876069,2186221674,164000168302,47927687307,1258375266982,457225169805,98894406952,14726674694,1875694928140,127417971392,201335448359,58728448578,46098783202,427179420965,905072448,427179420965,2058039983209,11512817037,,136147804879,353610702820,9665943568,2439768289433,4030293072532,53081421405,287149386223,87482750362,32362935075,39747733906,8970795915918,165438229896,6309447384,1745973717,21648735376,12455479113,1454379201348,33284520966,92598346657,352881798051,343563454497,1387976630841,224101092444,16191930990,68933301545
- Nguyên giá222,98322052997,50086017890,395769561432,66214300217,3186287977774,843477479940,280460117971,126452009583,2286171400171,409517102070,476913192539,311597902575,61942321944,829407529197,4596056990,830786741015,7068968725573,25614336121,,560760886060,1395325533792,18640785344,5148228960774,4051308565907,130559615091,565042407218,559317096007,131649757854,188986058727,12617358387910,596524763454,78573405125,8889942379,48532525760,86268144263,1705015090810,206177393744,214331663656,963397882335,410684197903,1630775235014,712051079887,89363309950,111910337306
- Giá trị hao mòn lũy kế 223,-72226176928,-47899796216,-231769393130,-18286612910,-1927912710792,-386252310135,-181565711019,-111725334889,-410476472031,-282099130678,-275577744180,-252869453997,-15843538742,-402228108232,-3690984542,-403607320050,-5010928742364,-14101519084,,-424613081181,-1041714830972,-8974841776,-2708460671341,-21015493375,-77478193686,-277893020995,-471834345645,-99286822779,-149238324821,-3646562471992,-431086533558,-72263957741,-7143968662,-26883790384,-73812665150,-250635889462,-172892872778,-121733316999,-610516084284,-67120743406,-242798604173,-487949987443,-73171378960,-42977035761
2. Tài sản cố định thuê tài chính224,,,,,,,,,,,,,,,,,6571060687,,,,31931408443,,3485055389,,,,,11212288816,,,28966596358,,,,,,,,,,,5308850635,,
- Nguyên giá225,,,,,,,,,,,,,,,,,8551263997,,,,47125644645,,3726851852,,410000004,,,11983425797,,,34860916825,,,,,,,,,,,7269109317,,
- Giá trị hao mòn lũy kế 226,,,,,,,,,,,,,,,,,-1980203310,,,,-15194236202,,-241796463,,-410000004,,,-771136981,,,-5894320467,,,,,,,,,,,-1960258682,,
3. Tài sản cố định vô hình227,,170533306,93993798,77133334,7105350000,1654101531,504963180,151370084,61987419814,,334564694776,,,55663049166,10769119486,55663049166,1464806359424,,,73944681530,8518974044,,1657893673158,29026242590,,,47928238037,,,1175879546923,,20654976375,13088875000,49724804626,70400000,,,,3362393251,400659905794,226976103,131166570744,,1883143000
- Nguyên giá228,436833600,587553000,93993798,420028000,16966399107,1909500000,1062156000,205000000,170305186522,667702000,472852487371,,,75202950065,16000000000,75516700065,1832391653985,,,85121172931,40995029434,,2314325853929,29189424304,,,57227979082,380000000,93106000,1383299121252,120000000,22256641250,13088875000,49724804626,186400000,,,442380500,9083414108,415506259881,518000000,147785929289,1025754049,3108277500
- Giá trị hao mòn lũy kế 229,-436833600,-417019694,,-342894666,-9861049107,-255398469,-557192820,-53629916,-108317766708,-667702000,-138287792595,,,-19539900899,-5230880514,-19853650899,-367585294561,,,-11176491401,-32476055390,,-656432180771,-163181714,,,-9299741045,-380000000,-93106000,-207419574329,-120000000,-1601664875,,,-116000000,,,-442380500,-5721020857,-14846354087,-291023897,-16619358545,-1025754049,-1225134500
III. Bất động sản đầu tư230,299508178409,,,,,,,,5737179048000,,,,,21178712553,,21178712553,98067904587,,,,,,417510181261,,31581783000,,,,,112102582263,,,,,,,,44055026207,,63247308032,,,,2221580936
- Nguyên giá231,705930936875,,,,,,,,6503656915369,,,,,36155810460,,36155810460,139193437163,,,,,,444097925821,,31581783000,,,,,536746846681,,,,,,,,57692617503,,75664270272,,,252156600,8292201416
- Giá trị hao mòn lũy kế232,-406422758466,,,,,,,,-766477867369,,,,,-14977097907,,-14977097907,-41125532576,,,,,,-26587744560,,,,,,,-424644264418,,,,,,,,-13637591296,,-12416962240,,,-252156600,-6070620480
IV. Tài sản dở dang dài hạn240,25394305081,47344399991,,10731253192,11118996692,10363652038,308234301,15000000,544001499525,1727756241,99864513095,,28011191138,181946261390,,214342763029,208531485428,,,24288128032,20570467953,,180896558532,2309266981491,11423647054,2583610047,2089555485887,,,372571762744,316828298821,,,,,64928238,393300000,,234223884994,533458452207,,65719886086,360569913,70000000
"1. Chi phí sản xuất, kinh doanh dở dang dài hạn241",9731628350,,,10731253192,,,,,181998060395,,,,,,,,,,,,,,,,,,,,,202549187157,,,,,,,,,,,,,,
2. Chi phí xây dựng cơ bản dở dang242,15662676731,47344399991,,,11118996692,10363652038,308234301,15000000,362003439130,1727756241,99864513095,,28011191138,181946261390,,214342763029,208531485428,,,24288128032,20570467953,,180896558532,2309266981491,11423647054,2583610047,2089555485887,,,170022575587,316828298821,,,,,64928238,393300000,,234223884994,533458452207,,65719886086,360569913,70000000
V. Đầu tư tài chính dài hạn250,583359276149,,,,520028184664,1221725000,,,1709377159826,5500000000,6894139320,3000000000,,2085000000000,,2293114255643,707543604915,,,24995811105,32500000000,,226121735380,,100000000,,283853641,,,1709056198340,1125000000,,643837679,73990054548,,,,6440613850,70965000000,38034067565,,38176591332,,
1. Đầu tư vào công ty con251,,,,,,,,,,,,,,,,,,,,,,,,,,,,,,,,,,,,,,,,,,,,
"2. Đầu tư vào công ty liên kết, liên doanh252",413605024000,,,,360002996064,,,,1411340774269,5500000000,,,,,,208114255643,640875493556,,,13310811105,32500000000,,,,,,283853641,,,1708234428340,,,,73990054548,,,,,15165000000,35224067565,,4001160089,400000000,
3. Đầu tư góp vốn vào đơn vị khác253,171878000000,,,26004980980,101360188600,1221725000,,,302340514598,,6894139320,,,2101423700000,,2101423700000,108911654132,,,11685000000,,,26121735380,,100000000,,,,,4821770000,2500000000,,3000280000,,,,,12172670000,55800000000,,,41466013443,,
4. Dự phòng đầu tư tài chính dài hạn254,-2123747851,,,-26004980980,-1335000000,,,,-4304129041,,,,,-16423700000,,-16423700000,-42243542773,,,,,,,,,,,,,-4000000000,-1375000000,,-2356442321,,,,,-5732056150,,,,-7290582200,-400000000,
5. Đầu tư nắm giữ đến ngày đáo hạn255,,,,,60000000000,,,,,,,3000000000,,,,,,,,,,,200000000000,,,,,,,,,,,,,,,,,2810000000,,,,
6. Đầu tư dài hạn khác,,,,,,,,,,,,,,,,,,,,,,,,,,,,,,,,,,,,,,,,,,,,
VI. Tài sản dài hạn khác260,4517761567107,1513623954,1929123867,1536199012,145361306131,23262368004,471970807,3013566004,4117663424757,6482796010,230634241961,,1137000,250792227046,1014160018,497059915454,1615853460909,213911561,,54571726992,249547486016,1036297260,623437188959,4164869195,21905993369,21434271266,7811297497,3326059032,4187542027,528428450216,2085786589,4422306107,,19230019383,,39038413330,5917242156,9798938019,44306433775,1085339789208,123554438816,370951086916,1489334219,66854435
1. Chi phí trả trước dài hạn261,4517761567107,1513623954,1929123867,1536199012,144555266991,23262368004,471970807,3013566004,1500140582061,6482796010,144109521783,,1137000,218416769457,1014160018,464684457865,1615832097273,213911561,,50012414975,210856810468,1036297260,501994548259,4164869195,1206410918,21434271266,7811297497,3326059032,4187542027,290930501865,2085786589,4422306107,,8420274298,,38516903366,5666500850,9798938019,44306433775,983622808366,121602115903,370951086916,1489334219,66854435
2. Tài sản thuế thu nhập hoãn lại262,,,,,806039140,,,,141684358122,,,,,241943120,,241943120,,,,4559312017,3585532416,,42887364640,,,,,,,30280921273,,,,51152765,,521509964,250741306,,,101716980842,1952322913,,,
"3. Thiết bị, vật tư, phụ tùng thay thế dài hạn263",,,,,,,,,,,,,,,,,21363636,,,,35105143132,,,,,,,,,25969362920,,,,,,,,,,,,,,
4. Tài sản dài hạn khác268,,,,,,,,,,,,,,,,,,,,,,,,,,,,,,,,,,,,,,,,,,,,
5. Lợi thế thương mại,,,,,,,,,2475838484574,,86524720178,,,32133514469,,32133514469,,,,,,,78555276060,,20699582451,,,,,181247664158,,,,10758592320,,,,,,,,,,
VII. Lợi thế thương mại (áp dụng trước năm 2015)269,,,,,,,,,,,,,,,,,,,,,,,,,,,,,,,,,,,,,,,,,,,,
TỔNG CỘNG TÀI SẢN280,7356705577453,125115202286,203890988182,2178124954026,6414871527523,1234813575320,193919241893,123481589954,237777980657656,192163947703,1071502256963,153970312709,101432556003,3853256849417,151191525279,4508611101180,41734469508904,338491148281,7266411807,1221572137635,2534781271379,72767978720,23840652907125,7120908108917,884838579880,932617787977,3167616373235,152314023345,288529641675,20987644741128,1276222975581,324266463685,24503277188,283620919180,60234189088,1898739195276,206561955456,256076539406,1548725371222,23985551811184,2164690655218,1207158769040,272420775097,263250895737
NGUỒN VỐN,,,,,,,,,,,,,,,,,,,,,,,,,,,,,,,,,,,,,,,,,,,,
A. NỢ PHẢI TRẢ300,6245937448962,36716246717,17306139176,420193851030,2748497317518,1047062952526,27588293989,51433298882,190486956299042,54345954856,541961352351,56940253410,13498877074,1938771943991,21392428162,2773612325843,30286081721273,236342532524,7140942832,344753751185,1565895833608,24049459237,14981202391083,4665103147773,451967729246,363897086209,1897891373284,83569463167,96086706642,13271625448232,1018781279648,129413300746,3219768368,21381711097,19903252199,1238388464637,73031157823,113616869025,309000498024,12927043152194,1165515017795,557368310944,214701471476,161953975527
I. Nợ ngắn hạn310,2866492049705,32993810519,17306139176,409333618030,2748497317518,727975733941,27588293989,47718275521,107222351548398,27070480332,152665594978,37346690410,11068877074,589967426483,21392428162,723732909020,29952500030911,233155823661,7140942832,339969198231,1550850787215,24049459237,14391914757278,547321807128,451764714583,363897086209,976318468468,74506967116,96020706642,5078147101360,698577730031,129413300746,3047041093,21181711097,19000266199,288723375147,72557157823,113453069025,239225907782,8562372240181,376285526511,544354848667,209564115230,161513975527
1. Phải trả người bán ngắn hạn311,2636407217,28825228011,3427072709,5295605722,313880517607,291719372225,17022416950,11142101978,8467334913746,9911826065,45070962862,4618877796,10920000,25589927836,16182040584,28583088332,13532386670554,122550499295,6253470000,64034479811,133532968260,6289305204,524400600586,12438750851,108200955854,189097605148,174563722890,14333200920,84731044896,1120664359789,184664928225,7870421128,2037504000,5974243961,13636507231,33274850892,46065552280,108805961789,91127653853,348223190575,133305952010,454552043780,35728406024,106474090728
2. Người mua trả tiền trước ngắn hạn312,140775375177,70543869,,3889585100,668967092614,12806721598,941583524,148794000,18915181304285,747273432,29253760185,3288000,1276000000,6347429299,10800000,15629071900,74715783727,9800081091,,184328667728,37088697615,3831810200,76569205033,,2158702623,2201556760,149576264685,47792464908,,299209751506,75873935469,103222806098,612915319,3203716273,1300585798,54677176,136480945,296114658,643602197,133538017065,531677010,3438433274,102012385012,7360342120
3. Thuế và các khoản phải nộp Nhà nước313,35321516795,773012243,5108944956,194879084951,71943353295,7775066080,1207618291,2262489917,7908894960310,1132818942,11826469768,2002105505,1000478369,229110392979,2321757369,229203463779,831226700666,2823587830,171783806,14646570525,7810222761,2085208659,140056408514,994075968,5384182422,2468090642,4890201326,698180985,824721715,230165562350,23918030034,1997489281,33681828,4416069499,496455652,20628543978,3199403991,355249262,27156426092,467801792124,21705286491,64409969638,1511420226,7388679481
4. Phải trả người lao động314,11195066286,1116669912,1744109409,8111430059,54748719227,16646117775,4700013130,29048814205,7696969531,6916425612,3677586789,15644831738,,11303329565,2656153709,11867951136,307706829468,,,30818489063,80487268855,5766132328,460778077263,6640684197,542217749,14791530380,14713709889,7476096999,5240240570,98754378100,29571998852,7830522206,,917541616,1538036600,11591585791,3588458264,1859062679,31196792000,9651285511,32578096046,10957813696,411667445,8882385538
5. Chi phí phải trả ngắn hạn315,1720347659,1413398695,,14503084057,121204259409,2839354124,104912945,2507772008,13876921539167,2220026942,22983772945,5229977760,103639337,13117056461,,13117056461,94877481392,3493448997,,16024245338,18111676448,1739065782,467554160704,218769187843,889468478,117464646,5099275741,502987452,,83045126902,51479763473,590876426,,251497973,152456089,4883536729,105583591,185720111,8029384967,467024125581,7406252669,2601599468,1128889749,
6. Phải trả nội bộ ngắn hạn316,,,,,,,,,,,,,,,,,,,,,,,,,,,,,,,,,,,,,,,,,,,,
7. Phải trả theo tiến độ kế hoạch hợp đồng xây dựng317,,,,,,,,,,,,,,,,,,,,,,,,,,,,,,850614873,,,,,,,,,,,,,,
8. Doanh thu chưa thực hiện ngắn hạn318,142014160809,45881798,,,,,,,265182735,,,133599999,,8063976,,5882416956,13431228603,592166838,,,,181734000,2640274710,,,,,,573681723,6780962417,5652842500,18181819,90909093,,,1615407113,,281980000,4327273,,16369555412,3528995508,,1435373788
9. Phải trả ngắn hạn khác319,3056540467,747292534,500579575,169562947199,29134580844,3421220760,231820457,2140030689,21051435219243,602210247,11528323419,2987115112,48973044,135421065960,221676500,249320115674,7624488086822,5151908438,,28880734817,28105033710,3859923080,1044380885597,34029054418,926988000,603202803,6026920376,72130379,3237973831,109774770645,69181778092,980872744,272030853,204000000,1690205004,1719954620,756770904,1622133607,4727374803,5721587155285,21370558640,3855160873,9063100104,4233819561
10. Vay và nợ thuê tài chính ngắn hạn320,2529692905494,,,,1481765662365,392251140426,,313394724,36978198251788,4223094904,26440199988,5994201000,8628866324,155296663881,,155296663881,7423447631211,88234993368,715689026,,1206974054267,,11493025595010,273410000000,333422586607,84758485633,620893815332,3236405438,,2950283971656,222155033799,,,6214641775,,214262267640,17609462602,,23456333333,1382725295267,136396814492,1125706279,56068972178,17000000000
11. Dự phòng phải trả ngắn hạn321,,,,,,95311000,,,11588500244,,,,,3386672199,,3386672199,,,,,11090279515,,10506365760,,,,,,,11957159622,24758500672,,,,,,,,16019100000,,,,1175155890,6713019942
12. Quỹ khen thưởng phúc lợi322,79729801,1783457,6525432527,13091880942,6853132157,421429953,3379928692,154878000,4834707349,1316804188,1884519022,732693500,,10386824327,,11446408702,188634784675,509137804,,1236010949,27650585784,296279984,172003184101,1040053851,239612850,69859150197,554558229,395500035,1413043907,166660443500,11320918915,6902131044,,,186019825,692551208,1095445246,46846919,36864913264,31821378773,6621333741,-114873849,2464118602,2026264369
13. Quỹ bình ổn giá323,,,,,,,,,,,,,,,,,-138415166207,,,,,,,,,,,,,,,,,,,,,,,,,,,
14. Giao dịch mua bán lại trái phiếu chính phủ324,,,,,,,,,,,,,,,,,,,,,,,,,,,,,,,,,,,,,,,,,,,,
II. Nợ dài hạn 330,3379445399257,3722436198,,10860233000,,319087218585,,3715023361,83264604750644,27275474524,389295757373,19593563000,2430000000,1348804517508,,2049879416823,333581690362,3186708863,,4784552954,15045046393,,589287633805,4117781340645,203014663,,921572904816,9062496051,66000000,8193478346872,320203549617,,172727275,200000000,902986000,949665089490,474000000,163800000,69774590242,4364670912013,789229491284,13013462277,5137356246,440000000
1. Phải trả người bán dài hạn331,,,,,,176011644887,,,,,,,,2625664458,,2625664458,618584000,,,,,,,,,,,,,,,,,,,,,,,,,,,
2. Người mua trả tiền trước dài hạn332,,,,,,,,,,,,,,,,,,,,,,,,,,,,,,,,,,,,,,,,,,,,
3. Chi phí phải trả dài hạn333,13313803391,,,,,,,,1636869030987,,,,,,,,,,,,,,,,,,,,,,,,,,,,,,,,,,,
4. Phải trả nội bộ về vốn kinh doanh334,,,,,,,,,,,,,,,,,,,,,,,,,,,,,,,,,,,,,,,,,,,,
5. Phải trả nội bộ dài hạn335,,,,,,,,,,,,,,,,,,,,,,,,,,,,,,,,,,,,,,,,,,,,
6. Doanh thu chưa thực hiện dài hạn336,3177304142714,,,,,,,,74023506748,,,,,,,196864333355,7734338843,,,,,,366495360,,,,,,,480757160,11017977809,,22727275,,,,,,,,,541115702,,
7. Phải trả dài hạn khác337,23277350259,3441436198,,10860233000,,8823427397,,3088233914,42056028074923,6160000000,61490000000,,,36672970938,,540883536898,24700583741,,,60000000,1909600000,,7301530177,1117780865754,,,1720600000,,66000000,12033085858,281199444358,,150000000,200000000,902986000,,,163800000,24569590242,404031164675,,10502250000,50000000,440000000
8. Vay và nợ thuê tài chính dài hạn338,138000000000,281000000,,,,134252146301,,626789447,24587656403178,21115474524,224197106707,19593563000,2430000000,1270000000000,,1270000000000,110600366921,3186708863,,,13135446393,,206652925496,3000000474891,,,919558016888,9062496051,,7830630395563,24494980464,,,,,949665089490,474000000,,45205000000,3960639747338,789229491284,1970096575,5087356246,
9. Trái phiếu chuyển đổi339,,,,,,,,,,,,,,,,,,,,,,,,,,,,,,,,,,,,,,,,,,,,
10. Cổ phiếu ưu đãi (Nợ)340,,,,,,,,,,,,,,,,,,,,,,,,,,,,,,,,,,,,,,,,,,,,
11. Thuế thu nhập hoãn lại phải trả341,,,,,,,,,14631680390354,,103608650666,,,39505882112,,39505882112,182828528032,,,,,,335347471762,,203014663,,294287928,,,305205522136,3491146986,,,,,,,,,,,,,
12. Dự phòng phải trả dài hạn342,,,,,,,,,278347344454,,,,,,,,,,,4674454500,,,39619211010,,,,,,,45128586155,,,,,,,,,,,,,,
13. Quỹ phát triển khoa học và công nghệ343,27550102893,,,,,,,,,,,,,,,,7099288825,,,50098454,,,,,,,,,,,,,,,,,,,,,,,,
14. Dự phòng trợ cấp mất việc làm,,,,,,,,,,,,,,,,,,,,,,,,,,,,,,,,,,,,,,,,,,,,
B. VỐN CHỦ SỞ HỮU400,1110768128491,88398955569,186584849006,1757931102996,3666374210005,187750622794,166330947904,72048291072,47291024358614,137817992847,529540904612,97030059299,87933678929,1914484905426,129799097117,1734998775337,11448387787631,102148615757,125468975,876818386450,968885437771,48718519483,8859450516042,2455804961144,432870850634,568720701768,1269724999951,68744560178,192442935033,7716019292896,257441695933,194853162939,21283508820,262239208083,40330936889,660350730639,133530797633,142459670381,1239724873198,11058508658990,999175637423,649790458096,57719303621,101296920210
I. Vốn chủ sở hữu410,1110768128491,88398955569,186584849006,1757931102996,3666374210005,187750622794,166330947904,72048291072,47291024358614,137817992847,529540904612,97030059299,87933678929,1914484905426,129799097117,1734998775337,11448387787631,102148615757,125468975,876818386450,968885437771,48718519483,8859450516042,2455804961144,432870850634,568720701768,1269724999951,68744560178,192442935033,7716019292896,257441695933,194853162939,21283508820,262239208083,40330936889,660350730639,133530797633,142459670381,1239724873198,11058508658990,999175637423,649790458096,57719303621,101296920210
1. Vốn góp của chủ sở hữu411,239999800000,60000000000,108020530000,1219799000000,1425322840000,235000000000,100000000000,60000000000,19501045380000,109630000000,905000000000,85000000000,66000000000,2000000000000,100000000000,3000000000000,10342295000000,79603100000,20000000000,640508920000,464717070000,42352900000,2162945800000,2320000000000,280499680000,250000000000,1132999020000,47995160000,175222845365,3576421210000,115000000000,100000000000,30000000000,241999640000,40000000000,500354930000,89099810000,150000000000,370439080000,8731400830000,660959660000,2488774701456,50000000000,49655140000
- Cổ phiếu phổ thông có quyền biểu quyết411a,239999800000,60000000000,108020530000,1219799000000,1425322840000,235000000000,100000000000,60000000000,19501045380000,109630000000,905000000000,85000000000,66000000000,2000000000000,100000000000,3000000000000,10342295000000,79603100000,20000000000,640508920000,464717070000,42352900000,2162945800000,2320000000000,280499680000,250000000000,1132999020000,47995160000,175222845365,3576421210000,115000000000,100000000000,30000000000,241999640000,40000000000,500354930000,89099810000,150000000000,370439080000,8731400830000,660959660000,2488774701456,50000000000,49655140000
- Cổ phiếu ưu đãi411b,,,,,,,,,,,,,,,,,,,,,,,,,,,,,,,,,,,,,,,,,,,,
2. Thặng dư vốn cổ phần412,5750000000,,,,,1820000000,6043138411,,5051601924626,,24455000000,,,,,,,569520609,,880700783,1584699224,,904737143351,155671000000,,,25731363636,,,711136556786,-61393691,,,2204327061,9028704464,-288400000,49416000,22819811566,74434806545,70474800000,-406154545,,13258140000,2879060000
3. Quyền chọn chuyển đổi trái phiếu413,,,,,,,,,,,,,,,,,,,,,,,,,,,,,,,,,,,,,,,,,,,,
4. Vốn khác của chủ sở hữu414,,423999999,,,,,,,,,,,,4984000000,,6270825481,23612446327,5484618519,,,,,60688719151,9285641372,,,,,,50847073442,1948780816,,,,,,228800000,,,,,,,2476159346
5. Cổ phiếu quỹ (*)415,,,,,,,,,,,,,,,,-10000,,-330903170,,,,,-167188836328,,,,,,,,,,,,-1100000000,,,,,,,-5232969000,,
6. Chênh lệch đánh giá lại tài sản416,,,,,,,,,,,,,,,,,-163981446150,,,,,,,,,,,,,708285511,,,,,,,,,,,,,,
7. Chênh lệch tỷ giá hối đoái417,,,,,,,,,,,,,,,,,-112620670583,,,,,,,,,,,,,-3183517143,,,,,,,,,,,,,,
8. Quỹ đầu tư phát triển418,364905566811,18420072754,17605574774,,1217621008916,23696115722,30786759820,5604468995,,14962550568,269596844,,,14419362244,,105495925035,248191611116,8217877737,,65909515749,389208670171,768706048,413462515631,2069929634,556025698,228779348646,38505239661,12535801899,930860044,298573907310,107272257867,24884718104,14617486364,,1395543420,69839178790,7752997505,,485205005541,243810014529,113866482254,8760524885,16767234195,26587111186
9. Quỹ hỗ trợ sắp xếp doanh nghiệp419,,,,,,,,,,,,,,,,,,,,,,,,,,,,,,,,,,,,,,,,,,,,
10. Quỹ khác thuộc vốn chủ sở hữu420,,,,,,,,,,,,,,6329814592,,14345072839,25872097529,,,,,448600139,,,,,,,128162657,65403533120,,,,,,1918499046,,116593948,,,,,,
11. Lợi nhuận sau thuế chưa phân phối421,500112761680,9554882816,60958744232,538132102996,1023430361089,-72765492928,29501049673,6443822077,13281118742079,9246059136,-722305811960,12030059299,21933678929,-484413899284,29799097117,-2448628588999,69573192438,8604402062,-19874531025,104909051889,113374998376,5148313296,1695341626460,-31221609862,57155540532,89941353122,65028588865,8213598279,16161066967,826354445227,23358002339,69968444835,-23333977544,13400943818,-8993310995,88526522803,36245635770,-30476735133,309645981112,1954616001307,224755649714,-1856739163091,-22306070574,19699449678
- LNST chưa phân phối lũy kế đến cuối kỳ trước421a,207452859176,7208971929,25605200837,64412576325,287770849552,-102277248584,19013743293,,13494207570271,,-712566297455,682835156,19480433912,-628319372540,29079495971,-2549088409927,-257014772452,7326068912,-20318255677,,9983882119,1022164751,1142856189200,-13913182298,52746082928,,43343785822,74204162,,364771554741,-2152689494,47793392759,-23394602559,989182492,,740000251,26800222656,-34488325013,101234244110,1801080152703,400127275,-1821666683170,-23316498975,
- LNST chưa phân phối kỳ này421b,292659902504,2345910887,35353543395,473719526671,735659511537,29511755656,10487306380,6443822077,-213088828192,9246059136,-9739514505,11347224143,2453245017,143905473256,719601146,100459820928,326587964890,1278333150,443724652,104909051889,103391116257,4126148545,552485437260,-17308427564,4409457604,89941353122,21684803043,8139394117,16161066967,461582890486,25510691833,22175052076,60625015,12411761326,-8993310995,87786522552,9445413114,4011589880,208411737002,153535848604,224355522439,-35072479921,1010428401,19699449678
12. Nguồn vốn đầu tư XDCB422,,,,,,,,,,3979383143,,,,,,,,,,,,,,,,,,,,,,,,,,,,,,,,,,
13. Lợi ích cổ đông không kiểm soát429,,,,,,,,,9457258311909,,322122119728,,,373165627874,,1057515550981,1015445556954,,,64610198029,,,3789463547777,,94659604404,,7460787789,,,2189757798643,9924048602,,,4634297204,,,154138358,,,58207013154,,14227363846,,
14. Quỹ dự phòng tài chính,,,,,,,,,,,,,,,,,,,,,,,,,,,,,,,,,,,,,,,,,,,,
II. Nguồn kinh phí và quỹ khác430,,,,,,,,,,,,,,,,,,,,,,,,,,,,,,,,,,,,,,,,,,,,
1. Nguồn kinh phí431,,,,,,,,,,,,,,,,,,,,,,,,,,,,,,,,,,,,,,,,,,,,
2. Nguồn kinh phí đã hình thành TSCĐ432,,,,,,,,,,,,,,,,,,,,,,,,,,,,,,,,,,,,,,,,,,,,
C. LỢI ÍCH CỦA CỔ ĐÔNG THIỂU SỐ,,,,,,,,,,,,,,,,,,,,,,,,,,,,,,,,,,,,,,,,,,,,
TỔNG CỘNG NGUỒN VỐN440,7356705577453,125115202286,203890988182,2178124954026,6414871527523,1234813575320,193919241893,123481589954,237777980657656,192163947703,1071502256963,153970312709,101432556003,3853256849417,151191525279,4508611101180,41734469508904,338491148281,7266411807,1221572137635,2534781271379,72767978720,23840652907125,7120908108917,884838579880,932617787977,3167616373235,152314023345,288529641675,20987644741128,1276222975581,324266463685,24503277188,283620919180,60234189088,1898739195276,206561955456,256076539406,1548725371222,23985551811184,2164690655218,1207158769040,272420775097,263250895737
KẾT QUẢ KINH DOANHMS,,,,,,,,,,,,,,,,,,,,,,,,,,,,,,,,,,,,,,,,,,,,
1. Doanh thu bán hàng và cung cấp dịch vụ 01,367858654446,172557725154,107631651286,1441314355785,5828549177536,1233648206745,167047216360,227046017731,9079619602216,104721244603,410702451708,157287697207,116582626200,1018575978807,54300931485,1041737803129,124468577433501,580761310872,28764891665,969552846704,3849053470231,102203576086,16757498726518,2176403000,1068182064178,1721435530826,1066796488421,370255844016,813040460823,10088901620619,1193445981480,3216594822427,26592894761,195093628708,78896143178,540056890013,307927199240,47312486534,1337315365298,821690538691,1362277289608,7190238221888,268459795880,1320332927128
2. Các khoản giảm trừ doanh thu02,,422934928,,,171985363041,1276339444,,,6244128255,,,,,34838638846,,34838638846,8938566744,,,976867505,643644957630,,575866313659,,92346790,,1701142857,25609584,,,,66242417268,,151389641,,,,,,,,,,
3. Doanh thu thuần về bán hàng và cung cấp dịch vụ10,367858654446,172134790226,107631651286,1441314355785,5656563814495,1232371867301,167047216360,227046017731,9073375473961,104721244603,410702451708,157287697207,116582626200,983737339961,54300931485,1006899164283,124459638866757,580761310872,28764891665,968575979199,3205408512601,102203576086,16181632412859,2176403000,1068089717388,1721435530826,1065095345564,370230234432,813040460823,10088901620619,1193445981480,3150352405159,26592894761,194942239067,78896143178,540056890013,307927199240,47312486534,1337315365298,821690538691,1362277289608,7190238221888,268459795880,1320332927128
4. Giá vốn hàng bán 11,144494396209,130997996402,47786383218,561783289078,3886614549588,1137247668514,141712174542,208134966113,8989801418151,72512865777,187091736628,147228973924,113365848946,513925928945,43455486391,529101343889,120320303001607,544446326824,27864396608,565759523833,2789371367492,80653709882,12799997630821,19935959627,1051410663104,1358226176340,855335074533,339743119898,773962279271,7996507019628,1073093226175,3069911648377,23941376510,160880893521,63894877518,337616869782,277546328591,30585980045,838728986949,422792684553,1145480096892,6948492361439,246841727430,1158355937789
5. Lợi nhuận gộp về bán hàng và cung cấp dịch vụ20,223364258237,41136793824,59845268068,879531066707,1769949264907,95124198787,25335041818,18911051618,83574055810,32208378826,223610715080,10058723283,3216777254,469811411016,10845445094,477797820394,4139335865150,36314984048,900495057,402816455366,416037145109,21549866204,3381634782038,-17759556627,16679054284,363209354486,209760271031,30487114534,39078181552,2092394600991,120352755305,80440756782,2651518251,34061345546,15001265660,202440020231,30380870649,16726506489,498586378349,398897854138,216797192716,241745860449,21618068450,161976989339
6. Doanh thu hoạt động tài chính21,198558985465,360604768,183697920,47311237769,91589707089,8260530189,2507436653,1298716565,5940883938532,1793435016,5797083871,2533414103,2110085083,24828175340,7720969747,23361008205,674301503214,878471516,549119,8976766495,46165881107,1849650889,601520022853,15021071300,9030783328,49310500450,2971391910,1587992730,4289836496,138085670369,901962804,1368679725,64447789,2432298677,228830521,5134959455,298098363,5661292,25115133826,401457567727,28736674351,3281341124,4435001181,3984197074
7. Chi phí tài chính 22,8670546767,163540358,1278217242,22426037523,139218133590,31992828104,,72624006,4710868236963,1662490901,25412890156,2420627572,1415673850,117971026571,,179439548562,357145880617,8572719877,-29448299,6893048125,60191383332,,561547864743,8082655891,11731588787,18988125121,43258189305,594041105,16881156,881568197542,20330210849,330753424,-599407117,1866480824,5610000,74589960105,578967332,379455774,7084070279,319865157455,64274442501,646401247,5160427929,3010653247
Trong đó :Chi phí lãi vay23,7551456177,27184932,1278217242,140282147,48945955598,25218486972,,72624006,291396806443,1662490901,23314618188,2420627572,1414915578,107769515970,,107769515970,188029415891,4321842498,,,41936668219,,353993461589,3232252291,11577396315,4308464193,36548872295,593490561,2394521,701206757837,19985184966,330753424,22864495,819039072,5610000,72734156475,1023747700,,7038145645,284861000405,44954200631,340766022,5131092240,1824091847
"8. Phần lãi/lỗ trong công ty liên doanh, liên kết24",,,,,22789046377,,,,-6155240237,,,,,,,35954780898,14247712497,,,1535009515,,,152324863697,,,,,,,45794608983,,,,-2519295219,,,,,,-49830148633,,4001160089,,
9. Chi phí bán hàng25,4081862092,20543885078,,861791848,632851000442,17975792023,4693299958,,533971724119,5962561395,51919715026,,,180844467757,,180844467757,2774265069214,2097722832,,187809695493,173368170905,327384175,1501575485024,446180408,2374177477,98878900321,4890899552,6422931138,4880867754,78532757514,8709391325,50174804567,1011734644,6473222629,7900891534,,2184178548,668611239,22276206857,36866109015,,229332747571,99119804,140467809502
10. Chi phí quản lý doanh nghiệp26,69023641032,17434351825,4668928405,50496881962,227199971559,20159074978,11181858060,12044875308,1449937734036,13496631607,90148379459,2514311337,722558116,130209016383,15240211635,90701525971,1077540899929,24708786764,398194315,80572966844,64911356999,17877716131,718077265453,6036756933,3003575194,15494647867,134371319416,14580816230,17803871217,487725540156,55065013675,20910517972,2188833864,8320648082,15637028081,23210159578,9396398353,11958274287,61202228207,195211788640,61404665626,55749119135,20951339352,
11. Lợi nhuận thuần từ hoạt động kinh doanh30,340147193811,3355621331,54081820341,853057593143,885058912782,33257033871,11967320453,8092268869,-676474941013,12880129939,61926814310,7657198477,3188630371,65615075645,3326203206,86128067207,618933231101,1814226091,532298160,138052520914,163732114980,5194416787,1354279053368,-17304078559,8600496154,279158181627,30211254668,10477318791,20666397921,828448385131,37150102260,10393360544,114804649,17313997469,-8313433434,109774860003,18519424779,3725826481,433139006832,198582218122,119854758940,-36699906291,-157817454,22482723664
12. Thu nhập khác31,5842454605,194698500,,1019766737,9160434942,1910776639,1498286666,131000342,405929354905,676886607,984740788,6564571790,7209975,158444867165,414820474,179146132709,58673745327,878240835,,985462406,616162107,36400,14595981179,,344523,,88007744,23550000,500000,19285546398,922633604,24567779691,2068132046,7571550,77600000,338349498,278885,839473193,1057124252,81188813916,161042352349,2956533993,1449297031,2707757619
13. Chi phí khác32,3739560704,330177939,53212185,15095566956,5769282925,1271044696,1316796829,84041580,2285118688241,2072006075,19169859095,3192071,103426884,15140345865,1973217798,17942898530,44461820069,970412164,499539,1912017158,35921050,614005,15697254007,4349005,1763618292,,2149867791,31656515,241805151,8723300716,2698940845,126631771,2122311680,7293307,629767365,49076825,2590748334,553709794,632035304,18064419061,499010252,2191260559,275638776,298927873
14. Lợi nhuận khác40,2102893901,-135479439,-53212185,-14075800219,3391152017,639731943,181489837,46958762,-1879189333336,-1395119468,-18185118307,6561379719,-96216909,143304521300,-1558397324,161203234179,14211925258,-92171329,-499539,-926554752,580241057,-577605,-1101272828,-4349005,-1763273769,,-2061860047,-8106515,-241305151,10562245682,-1776307241,24441147920,-54179634,278243,-552167365,289272673,-2590469449,285763399,425088948,63124394855,160543342097,765273434,1173658255,2408829746
"Phần lãi/lỗ trong công ty liên doanh, liên kết",,,,,,,,,,,,,,,,,,,,,,,,,,,,,,,,,,,,,,,,,,,,
15. Tổng lợi nhuận kế toán trước thuế50,342250087712,3220141892,54028608156,838981792924,888450064799,33896765814,12148810290,8139227631,-2555664274349,11485010471,43741696003,14218578196,3092413462,208919596945,1767805882,247331301386,633145156359,1722054762,531798621,137125966162,164312356037,5193839182,1353177780540,-17308427564,6837222385,279158181627,28149394621,10469212276,20425092770,839010630813,35373795019,34834508464,60625015,17314275712,-8865600799,110064132676,15928955330,4011589880,433564095780,261706612977,280398101037,-35934632857,1015840801,24891553410
16. Chi phí thuế TNDN hiện hành51,49590185208,874231005,2744612161,218886386253,152572687369,4385010158,1661503910,1695405554,861820090664,2238951335,23557329921,2871354053,639168445,32363265663,1048204736,32363265663,146891912999,443721612,88073969,22707932294,37839972902,1067690637,194537403703,,2417367130,14216828505,6468328890,2329818159,2264025803,124870818560,8132498187,7115693369,,4427388144,127710196,21442897958,6509812510,,86322466778,200285831890,56042578598,99938920,5412400,4998903732
17. Chi phí thuế TNDN hoãn lại52,,,,,217865893,,,,977157838690,,-2727940768,,,-179258287,,-179258287,11821159043,,,4964083976,-154586622,,-8427730472,,203014663,,5605969,,,4164418523,759839200,,,29752932,,834712166,-54367287,,,-93762939640,,,,
18. Lợi nhuận sau thuế thu nhập doanh nghiệp60,292659902504,2345910887,51283995995,620095406671,735659511537,29511755656,10487306380,6443822077,-4394642203703,9246059136,22912306850,11347224143,2453245017,176735589569,719601146,215147294010,474432084317,1278333150,443724652,109453949892,126626969757,4126148545,1167068107309,-17308427564,4216840592,264941353122,21675459762,8139394117,18161066967,709975393730,26481457632,27718815095,60625015,12857134636,-8993310995,87786522552,9473510107,4011589880,347241629002,155183720727,224355522439,-36034571777,1010428401,19892649678
Lợi ích của cổ đông thiểu số,,,,,,,,,2060137701067,,32651821355,,,-1052856487,,95849463177,63397386014,,,2394010415,,,558179028848,,-192617012,,-9343281,,,242392503244,970765799,,,445373310,,,28096993,,,96034916,,-962091856,,
Lợi nhuận sau thuế của cổ đông của Công ty mẹ,292659902504,2345910887,51283995995,620095406671,735659511537,29511755656,10487306380,6443822077,-6454779904770,9246059136,-9739514505,11347224143,2453245017,177788446056,719601146,119297830833,411034698303,1278333150,443724652,107059939477,126626969757,4126148545,608889078461,-17308427564,4409457604,264941353122,21684803043,8139394117,18161066967,467582890486,25510691833,27718815095,60625015,12411761326,-8993310995,87786522552,9445413114,4011589880,347241629002,155087685811,224355522439,-35072479921,1010428401,19892649678
19. Lãi cơ bản trên cổ phiếu,12194,352,4510,4728,4661,1256,908,838,-3310,843,-108,1335,372,889,72,398,316,162,222,1421,2452,974,2704,-81,150,9995,191,1357,791,1177,2218,2218,20,513,-2294,1632,901,267,8713,184,4111,-141,202,4006
20. Lãi suy giảm trên cổ phiếu71,,352,4510,4728,,,908,838,-3310,,-108,,372,,,,,162,222,1421,,,,-81,,9995,191,,,,,,20,,-2294,,901,267,8713,184,,,,
LƯU CHUYỂN TIỀN TỆ GIÁN TIẾPMS,,,,,,,,,,,,,,,,,,,,,,,,,,,,,,,,,,,,,,,,,,,,
I. Lưu chuyển tiền từ hoạt động kinh doanh,,,,,,,,,,,,,,,,,,,,,,,,,,,,,,,,,,,,,,,,,,,,
1. Lợi nhuận trước thuế01,,3220141892,,838981792924,888450064799,33896765814,12148810290,8139227631,-2555664274349,11485010471,43741696003,14218578196,3092413462,208919596945,1767805882,247331301386,633145156359,1722054762,531798621,137125966162,164312356037,5193839182,1353177780540,-17308427564,6837222385,279158181627,28149394621,10469212276,20425092770,839010630813,35373795019,34834508464,60625015,17314275712,-8865600799,110064132676,15928955330,4011589880,433574608670,261706612977,280398101037,-35934632857,1015840801,24891553410
2. Điều chỉnh cho các khoản,,,,,,,,,,,,,,,,,,,,,,,,,,,,,,,,,,,,,,,,,,,,
Khấu hao TSCĐ và BĐSĐT02,,1452066769,,4685975309,152906892624,41318677931,11231234148,6626898656,1553032140045,23971617891,52774682040,28826843673,2339259204,47709569719,2654244611,46266841130,307066321875,2192057903,,22301077330,90006230311,995806547,522007294089,13511638209,3894842814,47106427938,30760611578,6322153463,7070681934,877613082201,29259717890,1866380720,207268000,5933844119,2727625917,153059821788,12703017560,9150257359,51067833551,16697610399,112624001189,25962242344,3288698428,7255364160
Các khoản dự phòng03,,115298035,,20786263830,606312141,95311000,-34537817,,340901656636,-625266353,-23870000,26000000,,5020252671,,-41139375863,-7956282965,8319194099,-39038260,-8912458854,26982937703,,-1482920212,,-47139464022,,32469282272,-241443612,-2950000000,72564007143,14329000967,,-634052688,11061195,9674506074,,249394561,379395774,1213067645,8500000000,-8924154792,-6955642817,4469698008,-57680840
"Lãi, lỗ chênh lệch tỷ giá hối đoái do đánh giá lại các khoản mục tiền tệ có gốc ngoại tệchưa thực hiện04",,-3188700,,,-93225592,-2596479698,,,906763500173,,267557143,,,-8586053,,-108586053,46415942466,1358678574,,-25303250,3149466099,,-4601370932,,-1695293,-322395218,3569878279,-734490,-82139150,135493717598,-202398,,,14830320,,82255599,,,-166899014,34904157050,-2310017420,,-8154093,-1150788194
"Lãi, lỗ từ hoạt động đầu tư05",,-214328402,,-45991364413,-114991321047,-3634402747,-2588957932,-1426989291,-724297919592,-1751905780,11596833193,-9070282016,-2109535111,-14810240297,-7720969747,-59259892698,-563081493118,,-549119,-10046441721,-35513283906,-1849650889,-518538578052,-3409517216,-49274285,-23285764170,-725160548,-1041100017,-4200728363,-151743983202,-901760406,-1384593361,-55091706,1177042351,-306430521,-1004068835,-195968363,-251115838,-24946312196,-351627419094,-167061623708,-6238047420,-408732991,-30481757
Chi phí lãi vay06,,27184932,,140282147,48945955598,25218486972,,72624006,293164269671,1662490901,23314618188,2420627572,1414915578,107769515970,,107769515970,188029415891,4321842498,,,41936668219,,354894692782,3232252291,11577396315,4308464193,36548872295,593490561,2394521,701206757837,19985184966,330753424,22864495,819039072,5610000,72734156475,1023747700,,7038145645,284861000405,44954200631,340766022,5131092240,1824091847
"Lãi, lỗ do thanh lý TSCĐ",,,,,,,,,,,,,,,,,,,,,,,,,,,,,,,,,,,,,,,,,,,,
Thu nhập lãi vay và cổ tức,,,,,,,,,,,,,,,,,,,,,,,,,,,,,,,,,,,,,,,,,,,,
Phân bổ lợi thế thương mại,,,,,,,,,,,,,,,,,,,,,,,,,,,,,,,,,,,,,,,,,,,,
Điều chỉnh cho các khoản khác,,,,,,,,,,,,,,,,,5913234282,,,,,,,,,,,,,,,,,,,,,,,,,,,
3. Lợi nhuận từ hoạt động kinh doanh trước thay đổi vốn lưu động08,,4597174526,,818602949797,975824678523,94298359272,20756548689,13411761002,-186100627416,34741947130,131671516567,36421767425,4737053133,354600108955,-3298919254,300859803872,609532294790,17913827836,492211242,140442839667,290874374463,4339994840,1705456898215,-3974054280,-24880972086,306964914370,130772878497,16101578181,20265301712,2474144212390,98045736038,35647049247,-398386884,25270092769,3235710671,334936297703,29709146788,13290127175,467780444301,255041961737,259680506937,-22825314728,13488442393,32732058626
"Tăng, giảm các khoản phải thu09",,184598872,,68630896735,495577036719,-108262205721,2653139108,3159457137,11428809770160,5671868901,7852020831,-12669730537,2540679047,202030429492,23924578022,265940567790,-3696556697572,13815393529,-7157947783,-24493334064,-2369049284,-5951792345,121526266800,-7254468165,29325141764,52050152128,27633247593,-4543956154,32773935954,-266543535144,-112794787322,-77705749326,342425317,-19485566,-6680800431,4122256743,14612628245,-4243369511,4749416085,-2419264343941,-32614419659,35553560636,-38463631885,-53414599846
"Tăng, giảm hàng tồn kho10",,8875047794,,509692196741,153474335456,-127790617757,15359468,-6086426958,-2135609451531,1352128084,2005712821,-143120949,32052637562,-2892889071,4396197110,5472462378,649236024217,46380741724,,-15257432695,-52001264564,-705675388,22808580604,-141046120,-8490451381,4316062213,99753356877,-29231319127,-9482298128,-628938061378,52156121401,-976127726,2982317501,-1016674530,1040941334,-6527752997,-2966578199,-17746521,-929923319,-1730318213375,-20674023216,404171241202,-4993826131,7406319361
"Tăng, giảm các khoản phải trả (không kể lãi vay phải trả, thuế thu nhập phải nộp)11",,-2818225693,,-111566067467,622826050394,98182621836,7292181829,-13671280324,-12814210755554,-6216394182,38607743501,2933069968,-28354663998,-145395230571,-14657325109,-158437112004,2248841692917,-80684560253,6318788733,-24816206924,-112316985005,-468230739,309575129004,301897811280,-123720732144,124683646621,31144713530,17694652070,-6054721827,322176376246,110622382898,87564372174,-8375240239,1117197917,6464310870,43257348799,-15843617595,-15542063812,22737092660,-76582238914,30091287602,-427009938908,12122408279,41865277253
"Tăng, giảm chi phí trả trước12",,-24887972,,1735432946,-10547783493,4317024499,239090023,157343909,2516656785,4551878538,-4410950395,97098992,-500810333,11676379023,3061307339,-1943119265,-228500437058,450317844,,-1738724729,-2385551449,-242930125,34771353837,-4047914111,3565778053,2410195361,2885185384,-662220521,-855637290,4901864912,-1306897570,51663759,-13496631,314666240,32484849,-40999129694,450492389,4840467762,2083285632,-34695649813,8318791998,2452492342,-347954156,422756008
"Tăng, giảm chứng khoán kinh doanh13",,,,-143181862000,,,,,,,,,,,,,,,212588260,,,,-3219025267128,,,,,,,,,,,-6958482733,,,,,,,,,2228063000,
Tiền lãi vay đã trả13,,-27184932,,-140282147,-50542028828,-21900906492,,-72624006,-1697582324023,-1662490901,-23767856547,-2425870412,-1340470271,-108743378982,,-114743818982,-186749153172,-4063620041,,,-42001152152,,-358669144655,,-11621972602,-3116770554,-35445937712,-561093545,-2394521,-698053796352,-20519732400,-330753424,-33991357,-824630681,-5610000,-71798323708,-1067226314,,-7130947132,-404685941597,-42502961657,-351892884,-5131092240,-1824091847
Thuế thu nhập doanh nghiệp đã nộp14,,-725259296,,-121255813968,-134752586784,,-2389395275,-1811141368,-569001384074,-3077021047,-30411655773,-1898575735,-811720576,-46271537511,-1816831061,-46271537511,-104185926756,-570681879,-17754014,-28020515101,-39544399989,-1268946889,-175224265105,,-4963461283,-15474045864,-11500000000,-2575724040,-2956536782,-76541785887,-7665488544,-6895400095,,-2201752690,-91967944,-4674282742,-4504231334,,-79904586400,-192616557907,-37300723827,-45415795,,-5676287768
Tiền thu khác từ hoạt động kinh doanh15,,,,,,143610200,,1346904800,,,,51510000,,,,,,,,,,,,,4204224730,,,,,,,271908916,,,,,,,18000000,,,,,50703085
Tiền chi khác từ hoạt động kinh doanh16,,-255683712,,-14802619939,-67832049000,-101369000,-851326000,-3308689300,,-2215596336,-713982482,-220700000,,-1027988066,,2337396462,-107603736936,-697948674,,-22391757369,-8962614091,-614505000,-180403601273,-133200000,,-7878720600,,-2239351314,-5639139000,-41196926352,-5636552145,-5576176606,,,,-2575006620,,-17900000,-27650157352,-13081212604,-4814508000,-12393495,-183290897,-3129603085
Lưu chuyển tiền thuần từ hoạt động kinh doanh20,,9805579587,,1007714830698,1984027652987,-61113483163,27715597842,-6874695108,-5971178115653,33146320187,120832548523,22145448752,8322704564,263975893269,11609007047,253214642740,-815985939570,-7456529914,-152113562,23724868785,31293357929,-4912085646,-1739184049701,286347128604,-136582444949,463955433675,245243444169,-6017434450,28048510118,1089948348435,112900782356,32050786919,-5496372293,15680930726,3995069349,255741407484,20390613980,-1690484907,381752624475,-4616202196414,160183950178,-8067661630,-21280881637,18432531787
II. Lưu chuyển tiền từ hoạt động đầu tư,,,,,,,,,,,,,,,,,,,,,,,,,,,,,,,,,,,,,,,,,,,,
"1. Tiền chi để mua sắm, xây dựng TSCĐ và các tài sản dài hạn khác21",,-2605609558,,-3155278868,-76267754519,-15862266486,-4508674834,-432970000,-5666666667,-24360718563,-9776249412,-11786588281,-28011191138,-10117789351,-44363636,-12386776534,-399194445239,,,-11577889424,-58219920952,-275090000,-323418909730,-2501534386717,-124945129433,-834981048,-129901725729,-1608760147,-396740909,-446492057301,-61554532149,-1117018224,,-1031435166,-2064146736,-780591029856,-2349695623,-839257311,-26378283804,-76735554243,-813312543337,-5069536924,-1085421714,-13986457696
"2. Tiền thu từ thanh lý, nhượng bán TSCĐ và các tài sản dài hạn khác22",,,,181818182,996181819,4091833981,81521279,128272726,7804735388,,522136272,6276948789,,208767675,,208767675,4138329212,,,175970000,260112293,,9327403011,,,,100000000,,,31808133068,11208947824,15913636,25000000,69212569,77600000,,,245454546,,,295681181673,376609090,,207191920
"3. Tiền chi cho vay, mua các công cụ nợ của đơn vị khác23",,,,-1891000000000,-3092000000000,-22950000000,-105000000000,,-2926542452962,-41085294092,-38800000000,-46409990192,-19535111,-21771886841,-33000000000,-21771886841,-12412725027532,,,-193000000000,,-16500000000,-1484246177576,-23200000000,,-354123068493,,-50000000000,-5600000000,-1594612558972,-26887670235,,,-38000000000,-1200000000,,-19000000000,,-412700000000,-100000000000,-190000000000,,-750000000,
"4. Tiền thu hồi cho vay, bán lại các công cụ nợ của đơn vị khác24",,2660000000,,1387994520547,1500000000000,,93500000000,,2929427678158,32085294092,32660000000,45000000000,,40170000000,12140000000,39745333333,11449322496876,,,148769777151,,21500000000,2646775749908,23200000000,1119000000,458000000000,,45000000000,5000000000,1337867672755,22833211041,,600000000,23000000000,,,461650000,,290000000000,,81000000000,600000000,,
5. Tiền chi đầu tư góp vốn vào đơn vị khác25,,,,,-5400000000,,,,-3700000000,,,,,-200138972800,,-200138972800,,,,,,,-303016878158,,,,,,,-90243900000,,,,,,,,,-8400000000,-3243000000,,,,
6. Tiền thu hồi đầu tư góp vốn vào đơn vị khác26,,,,,,,,,2893613355323,,,,22990000000,905000000,,6107719435,,,,,,,238360000,,29900000000,,,,,17285093051,,,,,,,11000000000,,,1083070000000,,,,
"7. Tiền thu lãi cho vay, cổ tức và lợi nhuận được chia27",,184439253,,44543258110,86708070413,2802765441,3101295278,1298716565,1315166727468,1793435016,6045486044,2310983388,19535111,24107812735,20753860,23886092815,751059775118,,549119,9145627436,57663820542,3025599400,344624199594,2228845614,49274285,35593849845,643102808,1185264400,5250366056,98284542872,701911745,1388104380,61720359,2069082192,228830521,1053145660,57737130,5661292,23162251293,7067797960,5941108231,2184321784,408732991,30481757
8. Tăng giảm tiền gửi ngân hàng có kỳ hạn,,,,,,,,,,,,,,,,,,,,,-49130000000,,,,,,,,,,,,,,,,,,,,,,,
9. Mua lại khoản góp vốn của cổ đông thiểu số trong công ty con,,,,,,,,,,,,,,,,,,,,,,,,,,,,,,,,,,,,,,,,,,,,
10. Tiền thu khác từ hoạt động đầu tư,,,,,,,,,,,,,,,,,,,,,,,,,,,,,,,,,,,,,,,,,,,,
11. Tiền chi khác cho hoat động đầu tư,,,,,,,,,,,,,,,,,,,,,,,,,,,,,,,,,,,,,,,,,,,,
Lưu chuyển tiền thuần từ hoạt động đầu tư30,,238829695,,-461435682029,-1585963502287,-31917667064,-12825858277,994019291,4210103376708,-31567283547,-9348627096,-4608646296,-5021191138,-166637068582,-20883609776,-164349722917,-607398871565,,549119,-46486514837,-49425988117,7750509400,890283747049,-2499305541103,-93876855148,138635800304,-129158622921,-5423495747,4253625147,-646103074527,-53698131774,286999792,686720359,-13893140405,-2957716215,-779537884196,-9830308493,-588141473,-134316032511,910159243717,-620690253433,-1908606050,-1426688723,-13748784019
III. Lưu chuyển tiền từ hoạt động tài chính,,,,,,,,,,,,,,,,,,,,,,,,,,,,,,,,,,,,,,,,,,,,
"1. Tiền thu từ phát hành cổ phiếu, nhận vốn góp của chủ sở hữu31",,,,,,,,,,,,,,2007386,,2007386,,,,,,,,383836000000,5000000000,,,,,44200000000,,,,,,,,,,1342646330000,230086350000,,,
"2. Tiền chi trả vốn góp cho các chủ sở hữu, mua lại cổ phiếu của doanh nghiệp đã phát hành32",,,,,,,,,-413083000,,,,,,,,,,,,,,,,,,,,,,,,,-3500000,,,,,,,-244100000,,,
3. Tiền thu từ đi vay33,,,,,3667473186002,1103163642261,,,6089223623609,9066234420,503832498,6400000000,11791244955,375730636096,,375730636096,32804965995935,223481878531,4225750000,,2721837438558,,24031591531782,2040611563378,535269470991,541269721009,618699723699,515420631,5000000000,7718291063222,268408103007,205000000000,12708470000,146210063973,,669110000000,125106156236,,183011084055,2626608319627,561340850000,12708470000,120984392961,153200000000
4. Tiền chi trả nợ gốc vay34,,-4560000000,,-149716325500,-3888447826518,-1035469256929,,-313394724,-3132621801283,-13289329324,-27686275486,-14253377570,-17860312155,-471822000994,,-471822000994,-32325320093339,-173329488085,-3993000000,,-2587966579735,,-21317322882282,-38138342910,-295064287146,-773217641444,-712530578467,-1266633133,-5000000000,-7826829309098,-283619432217,-205000000000,-14751730000,-148693923102,,-154526571432,-131186096751,,-250163911698,-424642357658,-168018193372,-14751730000,-117876396861,-152200000000
5. Tiền trả nợ gốc thuê tài chính35,,,,,,,,,,,,,,,,,-1353779754,,,,-8864198719,,,,,,,-2911059244,,-1454373074,-12786754133,,,,,,,,,,,-1160333820,,
"6. Cổ tức, lợi nhuận đã trả cho chủ sở hữu 36",,-5978340000,,-298850755000,-129575334000,,-10064050550,-4680000000,-33759401,-2405106000,-31137500000,-4250000000,,,,,-229693261285,,,-95943306000,-69698961559,-3449989500,-320363007900,,,-425000000000,-12875000,-4319564400,-11934186208,-202587071346,-17320372800,-14005220000,,-440000000,-10024507,,-4495083000,,-85180041280,,-41280974280,,,-9955238960
7. Tiền thu khác từ hoạt động tài chính,,,,,,,,,,,,,,,,,,,,,,,,,,,,,,,,,,,,,,,,,,,,
8. Tiền chi khác cho hoạt động tài chính,,,,,,,,,,,,,,,,,,,,,,,,,,,,,,,,,,,,,,,,,,,,
Lưu chuyển tiền thuần từ hoạt động tài chính40,,-10538340000,,-448567080500,-350549974516,67694385332,-10064050550,-4993394724,2956154979925,-6628200904,-58319942988,-12103377570,-6069067200,-96089357512,,-96089357512,248598861557,50152390446,232750000,-95943306000,55307698545,-3449989500,2393905641600,2386309220468,245205183845,-656947920435,-93843729768,-7981836146,-11934186208,-268379690296,-45318456143,-14005220000,-2043260000,-2927359129,-10024507,514583428568,-10575023515,,-152332868923,3544612291969,581883932348,-3203593820,3107996100,-8955238960
Lưu chuyển tiền thuần trong kỳ50,,-493930718,,97712068169,47514176184,-25336764895,4825689015,-10874070541,1195080240980,-5049164264,53163978439,5433424886,-2767553774,1249467175,-9274602729,-7224437689,-1174785949578,42695860532,81185557,-118704952052,37175068357,-611565746,1545005338948,173350807969,14745883748,-54356686456,22241091480,-19422766343,20367949057,175465583612,13884194439,18332566711,-6852911934,-1139568808,1027328627,-9213048144,-14718028,-2278626380,95103723041,-161430660728,121377629093,-13179861500,-19599574260,-4271491192
Tiền và tương đương tiền đầu kỳ60,,12668424826,,479335665214,485324285487,58132985214,5687077538,65133628101,3412524436724,6830911531,32153268688,7641139190,3220479734,168490954691,14381520969,197951313504,5377029776926,33333883473,15775042,294273724378,161948859873,9477056900,1402442740869,103248204977,4291422319,61642004700,206216639888,22543505044,57049797230,2082217682721,75478399975,146164668850,7678864104,23916611263,4947219365,32387160779,16324966964,5455833585,182785268810,505106794464,99440958302,63229025011,35031621704,22100328352
Ảnh hưởng của thay đổi tỷ giá hối đoái quy đổi ngoại tệ61,,3188700,,,26371132,1296983774,,,-2756021,,128630932,,,8586053,,8586053,-78575131383,49982,,25303250,1493901965,,11426183534,,20944854,478211,-114676,734490,82139150,19644441546,202398,,,,,-1555925,,,166899014,,58764302,,419610,
Tiền và tương đương tiền cuối kỳ (70 = 50 +60 + 61)70,,12177682808,,577047733383,532864832803,34093204093,10512766553,54259557560,4607601921683,1781747267,85445878059,13074564076,452925960,169749007919,5106918240,190735461868,4123668695965,76029793987,96960599,175594075576,200617830195,8865491154,2958874263351,276599012946,19058250921,7285796455,228457616692,3121473191,77499885437,2277327707879,89362796812,164497235561,825952170,22777042455,5974547992,23172556710,16310248936,3177207205,278055890865,343676133736,220877351697,50049163511,15432467054,17828837160
LƯU CHUYỂN TIỀN TỆ TRỰC TIẾPMS,,,,,,,,,,,,,,,,,,,,,,,,,,,,,,,,,,,,,,,,,,,,
I. Lưu chuyển tiền từ hoạt động kinh doanh,,,,,,,,,,,,,,,,,,,,,,,,,,,,,,,,,,,,,,,,,,,,
"1. Tiền thu từ bán hàng, cung cấp dịch vụ và doanh thu khác01",599385079799,,107700114112,,,,,,,,,,,,,,,,,,,,,,,,,,,,,,,,,,,,,,,,,
2. Tiền chi trả cho người cung cấp hàng hoá và dịch vụ02,-35679011590,,-13736548664,,,,,,,,,,,,,,,,,,,,,,,,,,,,,,,,,,,,,,,,,
3. Tiền chi trả cho người lao động03,-14525518164,,-10089851209,,,,,,,,,,,,,,,,,,,,,,,,,,,,,,,,,,,,,,,,,
4. Tiền chi trả lãi vay04,-7210310568,,-1278217242,,,,,,,,,,,,,,,,,,,,,,,,,,,,,,,,,,,,,,,,,
5. Tiền chi nộp thuế thu nhập doanh nghiệp05,-43073185802,,-2944474677,,,,,,,,,,,,,,,,,,,,,,,,,,,,,,,,,,,,,,,,,
6. Tiền thu khác từ hoạt động kinh doanh06,2241947867,,8650725214,,,,,,,,,,,,,,,,,,,,,,,,,,,,,,,,,,,,,,,,,
7. Tiền chi khác cho hoạt động kinh doanh07,-27362454799,,-19435691943,,,,,,,,,,,,,,,,,,,,,,,,,,,,,,,,,,,,,,,,,
Lưu chuyển tiền thuần từ hoạt động kinh doanh20,473776546743,,68866055591,,,,,,,,,,,,,,,,,,,,,,,,,,,,,,,,,,,,,,,,,
II. Lưu chuyển tiền từ hoạt động đầu tư,,,,,,,,,,,,,,,,,,,,,,,,,,,,,,,,,,,,,,,,,,,,
"1. Tiền chi để mua sắm, xây dựng TSCĐ và các tài sản dài hạn khác21",-2669905741009,,-283537037,,,,,,,,,,,,,,,,,,,,,,,,,,,,,,,,,,,,,,,,,
"2. Tiền thu từ thanh lý, nhượng bán TSCĐ và các tài sản dài hạn khác22",,,,,,,,,,,,,,,,,,,,,,,,,,,,,,,,,,,,,,,,,,,,
"3. Tiền chi cho vay, mua các công cụ nợ của đơn vị khác23",-1762360020397,,,,,,,,,,,,,,,,,,,,,,,,,,,,,,,,,,,,,,,,,,,
"4. Tiền thu hồi cho vay, bán lại các công cụ nợ của đơn vị khác24",1495832159988,,,,,,,,,,,,,,,,,,,,,,,,,,,,,,,,,,,,,,,,,,,
5. Tiền chi đầu tư góp vốn vào đơn vị khác25,,,,,,,,,,,,,,,,,,,,,,,,,,,,,,,,,,,,,,,,,,,,
6. Tiền thu hồi đầu tư góp vốn vào đơn vị khác26,,,,,,,,,,,,,,,,,,,,,,,,,,,,,,,,,,,,,,,,,,,,
"7. Tiền thu lãi cho vay, cổ tức và lợi nhuận được chia27",214480152023,,183697920,,,,,,,,,,,,,,,,,,,,,,,,,,,,,,,,,,,,,,,,,
8. Tiền thu khác từ hoạt động đầu tư,,,,,,,,,,,,,,,,,,,,,,,,,,,,,,,,,,,,,,,,,,,,
9. Tiền chi khác cho hoat động đầu tư,,,,,,,,,,,,,,,,,,,,,,,,,,,,,,,,,,,,,,,,,,,,
Lưu chuyển tiền thuần từ hoạt động đầu tư30,-2721953449395,,-99839117,,,,,,,,,,,,,,,,,,,,,,,,,,,,,,,,,,,,,,,,,
III. Lưu chuyển tiền từ hoạt động tài chính,,,,,,,,,,,,,,,,,,,,,,,,,,,,,,,,,,,,,,,,,,,,
"1. Tiền thu từ phát hành cổ phiếu, nhận vốn góp của chủ sở hữu31",,,,,,,,,,,,,,,,,,,,,,,,,,,,,,,,,,,,,,,,,,,,
"2. Tiền chi trả vốn góp cho các chủ sở hữu, mua lại cổ phiếu của doanh nghiệp đã phát hành32",,,,,,,,,,,,,,,,,,,,,,,,,,,,,,,,,,,,,,,,,,,,
3. Tiền thu từ đi vay33,2668534062752,,,,,,,,,,,,,,,,,,,,,,,,,,,,,,,,,,,,,,,,,,,
4. Tiền chi trả nợ gốc vay34,-276766697079,,-31233499989,,,,,,,,,,,,,,,,,,,,,,,,,,,,,,,,,,,,,,,,,
5. Tiền trả nợ gốc thuê tài chính35,,,,,,,,,,,,,,,,,,,,,,,,,,,,,,,,,,,,,,,,,,,,
"6. Cổ tức, lợi nhuận đã trả cho chủ sở hữu36",-143920650000,,-48533301000,,,,,,,,,,,,,,,,,,,,,,,,,,,,,,,,,,,,,,,,,
7. Tiền thu khác từ hoạt động tài chính,,,,,,,,,,,,,,,,,,,,,,,,,,,,,,,,,,,,,,,,,,,,
8. Tiền chi khác cho hoạt động tài chính,,,,,,,,,,,,,,,,,,,,,,,,,,,,,,,,,,,,,,,,,,,,
Lưu chuyển tiền thuần từ hoạt động tài chính40,2247846715673,,-79766800989,,,,,,,,,,,,,,,,,,,,,,,,,,,,,,,,,,,,,,,,,
Lưu chuyển tiền thuần trong kỳ (50=20+30+40)50,-330186979,,-11000584515,,,,,,,,,,,,,,,,,,,,,,,,,,,,,,,,,,,,,,,,,
Tiền và tương đương tiền đầu kỳ60,20536296559,,32156932855,,,,,,,,,,,,,,,,,,,,,,,,,,,,,,,,,,,,,,,,,
Ảnh hưởng của thay đổi tỷ giá hối đoái quy đổi ngoại tệ61,1251,,,,,,,,,,,,,,,,,,,,,,,,,,,,,,,,,,,,,,,,,,,
Tiền và tương đương tiền cuối kỳ (70 = 50+60+61)70,20206110831,,21156348340,,,,,,,,,,,,,,,,,,,,,,,,,,,,,,,,,,,,,,,,,
Kỳ/năm,,,,,,,,,,,,,,,,,,,,,,,,,,,,,,,,,,,,,,,,,,,,
